{
  "users": {
    "6281228775368@s.whatsapp.net": {
      "premiumTime": 0,
      "premium": false
    },
    "62881024590800@s.whatsapp.net": {
      "premiumTime": 0,
      "premium": false
    },
    "6283833271658@s.whatsapp.net": {
      "premiumTime": 0,
      "premium": false
    },
    "6281392382101@s.whatsapp.net": {
      "premiumTime": 0,
      "premium": false
    },
    "6281361515191@s.whatsapp.net": {
      "premiumTime": 0,
      "premium": false
    },
    "6285607743532@s.whatsapp.net": {
      "premiumTime": 0,
      "premium": false
    },
    "62895325456644@s.whatsapp.net": {
      "premiumTime": 0,
      "premium": false
    },
    "6287824698392@s.whatsapp.net": {
      "premiumTime": 0,
      "premium": false
    }
  },
  "chats": {
    "6281228775368@s.whatsapp.net": {},
    "120363303548022180@g.us": {},
    "6281392382101@s.whatsapp.net": {}
  },
  "game": {},
  "database": {},
  "settings": {
    "6281228775368@s.whatsapp.net": {
      "status": 0,
      "stock": 10,
      "autobio": false,
      "autoTyping": false,
      "autoRecord": false,
      "autoButton": true,
      "public": false,
      "setPrefix": "all",
      "onlygrub": false,
      "autoread": false,
      "menuType": "buttonImage"
    }
  },
  "setting": {},
  "others": {},
  "sticker": {}
}